column,mean_similarity
CSV Column,0.6940116082819608
Datatype,0.7597004551263082
Entity Class,1.0
Function Name,0.36199093613869104
Function Output,0.47384187479813894
Join Condition,0.8079344873627027
Ontology Property,1.0
Related Entity Class,0.9671440692175003
Subject Generation,0.7212845793901345
