column,TP,FP,FN,precision,recall,f1
CSV Column,7,0,3,1.0,0.7,0.8235294117647058
Datatype,9,0,1,1.0,0.9,0.9473684210526316
Entity Class,10,0,0,1.0,1.0,1.0
Language Annotations,5,0,1,1.0,0.8333333333333334,0.9090909090909091
Ontology Property,10,0,0,1.0,1.0,1.0
Subject Generation,10,0,0,1.0,1.0,1.0
