column,mean_similarity
CSV Column,0.7554263667100006
Datatype,0.9333333333333332
Entity Class,1.0
Language Annotations,0.8107457470010827
Ontology Property,0.9767853170633316
Subject Generation,1.000000238418579
