column,TP,FP,FN,precision,recall,f1
CSV Column,7,0,3,1.0,0.7,0.8235294117647058
Datatype,9,0,1,1.0,0.9,0.9473684210526316
Entity Class,10,0,0,1.0,1.0,1.0
Language Annotations,4,0,2,1.0,0.6666666666666666,0.8
Ontology Property,9,0,1,1.0,0.9,0.9473684210526316
Subject Generation,10,0,0,1.0,1.0,1.0
