column,mean_similarity
CSV Column,0.38865730553747174
Datatype,0.17411027290715428
Entity Class,0.3694403435131825
Function Name,0.08469139800835697
Function Output,0.10918900982609818
Join Condition,0.11999586990310085
Ontology Property,0.240510640010363
Rel. Entity Class,0.177024921292951
Subject Generation,0.18340060587033188
