column,mean_similarity
CSV Column,0.261002172869715
Datatype,0.2333333333333333
Entity Class,0.3037510234513158
Function Name,0.004444444444444444
Function Output,0.00025789813023855416
Join Condition,0.0256074968235271
Ontology Property,0.2756441188236701
Rel. Entity Class,0.10920154239119757
Subject Generation,0.09679196840677713
