column,TP,FP,FN,precision,recall,f1
CSV Column,11,0,3,1.0,0.7857142857142857,0.88
Datatype,1,0,13,1.0,0.07142857142857142,0.13333333333333333
Entity Class,3,0,28,1.0,0.0967741935483871,0.17647058823529413
Function Name,0,0,2,0.0,0.0,0.0
Function Output,0,0,2,0.0,0.0,0.0
Join Condition,0,0,9,0.0,0.0,0.0
Ontology Property,0,0,31,0.0,0.0,0.0
Rel. Entity Class,0,0,8,0.0,0.0,0.0
Subject Generation,0,0,31,0.0,0.0,0.0
