column,mean_similarity
CSV Column,0.35739501583434286
Datatype,0.3064752444408085
Entity Class,0.28918262074686707
Function Name,0.07234186612897449
Function Output,0.09378172639343474
Join Condition,0.19247126568936637
Ontology Property,0.2797065583742642
Rel. Entity Class,0.13779193407648968
Subject Generation,0.17284103444329013
