column,mean_similarity
Datatype,0.06554410593539832
Entity Class,0.3400266847240272
Function Name,0.17273205435938307
Function Output,0.1662465474671788
Join Condition,0.12090591500602264
Ontology Property,0.39327315136386726
Related Entity Class,0.2038004334247577
Subject Generation,0.2762307363019125
XML Path,0.3401767812401692
