column,mean_similarity
CSV Column,0.34661238253330245
Datatype,0.8138723795612653
Entity Class,0.9599974701801935
Join Condition,0.024593290355470445
Language Annotations,0.4583333333333333
Ontology Property,0.8301299992534849
Related Entity Class,0.4059329662058088
Subject Generation,0.7983618047502304
