column,mean_similarity
CSV Column,0.9646088220179081
Datatype,0.9910767802170345
Entity Class,0.9696832671761513
Function Name,0.350148539852213
Function Output,0.44543688071120885
Join Condition,0.07686423758665721
Ontology Property,0.9696832671761513
Rel. Entity Class,0.03340042382478714
Related Entity Class,0.12311447411775589
Subject Generation,0.9653751701116562
