column,mean_similarity
CSV Column,0.056485441526253725
Datatype,0.06843434343434344
Entity Class,0.21917594466936574
Function Name,0.0037037037037037056
Function Output,0.0008381689232753064
Join Condition,0.005686432430618477
Ontology Property,0.1769548117431645
Rel. Entity Class,0.10530730843230844
Subject Generation,0.08724964933293368
