column,mean_similarity
CSV Column,0.23576274456488144
Datatype,0.14284006670590432
Entity Class,0.25726585403948515
Function Name,0.08535542897880077
Function Output,0.14894998333017742
Join Condition,0.14177295107926643
Ontology Property,0.24950647651490843
Rel. Entity Class,0.1501623886042042
Subject Generation,0.21401561003847
