column,mean_similarity
CSV Column,0.17219390468671916
Datatype,0.15532568045670078
Entity Class,0.24020971719486017
Function Name,0.06611680078009764
Function Output,0.11099680165449778
Join Condition,0.1520234785974026
Ontology Property,0.164908471579353
Rel. Entity Class,0.13120079537232718
Subject Generation,0.20654921842118104
