column,mean_similarity
CSV Column,0.9481481481481481
Datatype,0.9208333333333334
Entity Class,0.9444444444444445
Function Name,0.0
Function Output,0.0014619883040935657
Join Condition,0.28888888888888886
Ontology Property,0.9777777777777777
Rel. Entity Class,1.0
Subject Generation,0.6949588477366255
