column,mean_similarity
CSV Column,0.9802910221947565
Datatype,0.8698066141042444
Entity Class,0.9838245213031769
Function Name,0.15689230461915335
Function Output,0.10795041484137376
Join Condition,0.5522267209986845
Ontology Property,0.9742786056465573
Rel. Entity Class,0.6716413758695126
Subject Generation,0.8919408553176456
