column,mean_similarity
CSV Column,0.9802910221947565
Datatype,0.9081604150434335
Entity Class,0.9838245213031769
Function Name,0.15689230461915335
Function Output,0.10572959741370547
Join Condition,0.6004150614142417
Ontology Property,0.9938965174886915
Rel. Entity Class,1.0
Subject Generation,0.8919408553176456
