column,mean_similarity
CSV Column,0.6790156658984475
Datatype,0.6571041494607925
Entity Class,0.9864077050061453
Function Name,0.3884181161721547
Function Output,0.5922399632740712
Join Condition,0.9046824405590693
Ontology Property,1.0
Related Entity Class,1.0
Subject Generation,0.8410112484470829
