column,mean_similarity
CSV Column,0.7270538935406897
Datatype,0.5468658142269253
Entity Class,0.8333333333333334
Function Name,0.0
Function Output,0.2187162816217134
Join Condition,0.0
Ontology Property,1.0
Rel. Entity Class,0.7609126984126985
Subject Generation,0.27046658660030753
