column,mean_similarity
CSV Column,0.8380744208892187
Datatype,0.618002299633291
Entity Class,0.8396870742241541
Function Name,0.1001795254093485
Function Output,0.26707590537879505
Join Condition,0.10277529241460742
Ontology Property,1.0
Rel. Entity Class,0.8907056450843811
Subject Generation,0.3343085639385714
