column,mean_similarity
CSV Column,0.7910072999360924
Datatype,0.5723825491041454
Entity Class,0.8152203733722369
Function Name,0.09880229120309918
Function Output,0.2965106494561002
Join Condition,0.12654623188651526
Ontology Property,0.904620719390611
Rel. Entity Class,0.7757199967900913
Subject Generation,0.36005319837809796
