column,TP,FP,FN,precision,recall,f1
CSV Column,43,0,9,1.0,0.8269230769230769,0.9052631578947368
Datatype,10,0,29,1.0,0.2564102564102564,0.4081632653061224
Entity Class,46,0,2,1.0,0.9583333333333334,0.9787234042553191
Function Name,0,0,3,0.0,0.0,0.0
Function Output,1,0,6,1.0,0.14285714285714285,0.25
Join Condition,3,0,0,1.0,1.0,1.0
Ontology Property,48,0,0,1.0,1.0,1.0
Rel. Entity Class,0,0,0,0.0,0.0,0.0
Related Entity Class,0,0,0,0.0,0.0,0.0
Subject Generation,0,0,48,0.0,0.0,0.0
