column,mean_similarity
CSV Column,0.8392388043482993
Datatype,0.4983395684959026
Entity Class,0.8933080808080808
Function Name,0.026136363636363635
Function Output,0.022730550737903674
Join Condition,1.0
Ontology Property,0.8594630332222244
Rel. Entity Class,0.6832112332112331
Subject Generation,0.5254595728451563
