column,mean_similarity
CSV Column,0.8810676342497269
Datatype,0.5188406360490868
Entity Class,0.9000577431482574
Function Name,0.1906139807719173
Function Output,0.11171688383578189
Join Condition,1.0
Ontology Property,0.8809278582533201
Rel. Entity Class,0.739854430158933
Subject Generation,0.6035989595887562
