column,mean_similarity
CSV Column,0.6015804733700557
Datatype,0.4740456207482903
Entity Class,0.7393655522186079
Function Name,0.1314626857638359
Function Output,0.11420994220217508
Join Condition,1.0
Ontology Property,0.7038778537585411
Rel. Entity Class,0.6228979908757739
Subject Generation,0.45482729537947636
