column,mean_similarity
CSV Column,0.8849101777413209
Datatype,0.44232542578268935
Entity Class,0.875540530791989
Function Name,0.2316602207042954
Function Output,0.13665736468010917
Join Condition,1.0
Ontology Property,0.8894709846733376
Rel. Entity Class,0.10517149915297826
Related Entity Class,0.12311447411775589
Subject Generation,0.5801579332383221
