column,TP,FP,FN,precision,recall,f1
CSV Column,9,0,15,1.0,0.375,0.5454545454545454
Datatype,12,0,12,1.0,0.5,0.6666666666666666
Entity Class,14,0,10,1.0,0.5833333333333334,0.7368421052631579
Join Condition,0,0,3,0.0,0.0,0.0
Language Annotations,2,0,1,1.0,0.6666666666666666,0.8
Ontology Property,12,0,12,1.0,0.5,0.6666666666666666
Related Entity Class,1,0,0,1.0,1.0,1.0
Subject Generation,21,0,3,1.0,0.875,0.9333333333333333
