column,mean_similarity
CSV Column,0.643965414891035
Datatype,0.7337485731889805
Entity Class,0.8482411752144495
Join Condition,0.1076360193391641
Language Annotations,0.6685183048248291
Ontology Property,0.7235132270101188
Related Entity Class,0.43998203178246814
Subject Generation,0.9016694352030754
