column,mean_similarity
Datatype,0.16310242395677024
Entity Class,0.35554156831563305
Function Name,0.17681431835369457
Function Output,0.18773293427916035
Join Condition,0.11866604424535465
Ontology Property,0.33905367420791627
Related Entity Class,0.22817613099891773
Subject Generation,0.28897749718627525
XML Path,0.4829898928575284
