column,TP,FP,FN,precision,recall,f1
CSV Column,30,0,0,1.0,1.0,1.0
Datatype,20,0,4,1.0,0.8333333333333334,0.9090909090909091
Entity Class,3,0,30,1.0,0.09090909090909091,0.16666666666666669
Function Name,0,0,6,0.0,0.0,0.0
Function Output,5,0,1,1.0,0.8333333333333334,0.9090909090909091
Join Condition,0,0,3,0.0,0.0,0.0
Ontology Property,33,0,0,1.0,1.0,1.0
Related Entity Class,2,0,0,1.0,1.0,1.0
Subject Generation,0,0,33,0.0,0.0,0.0
