column,mean_similarity
CSV Column,0.922487345608798
Datatype,0.9356442262177115
Entity Class,0.7074004465883429
Function Name,0.6320382793665874
Function Output,0.9564061264197031
Join Condition,0.1220025062561035
Ontology Property,1.0
Related Entity Class,0.3161744409137302
Subject Generation,0.679023265838623
