column,mean_similarity
CSV Column,0.3317016349257534
Datatype,0.8138723795612653
Entity Class,0.9599974701801935
Join Condition,0.10589046941863167
Language Annotations,0.30088087805995234
Ontology Property,0.8301299992534849
Related Entity Class,0.31663254648447037
Subject Generation,0.28880279335296816
