column,mean_similarity
CSV Column,0.12056909091363355
Datatype,0.11421506734006735
Entity Class,0.4231136773447375
Function Name,0.06805382234675164
Function Output,0.0032062299797392135
Join Condition,0.027647141126024833
Ontology Property,0.32024635850509947
Rel. Entity Class,0.21507102374749434
Subject Generation,0.09439231064740504
