column,mean_similarity
CSV Column,0.22189002522888282
Datatype,0.19900257032390475
Entity Class,0.4753514633048326
Function Name,0.17276407806014626
Function Output,0.1490709135360602
Join Condition,0.19384272617654097
Ontology Property,0.3718816830272165
Rel. Entity Class,0.29328040419071366
Subject Generation,0.23275234752024213
