column,mean_similarity
CSV Column,0.23679624934896504
Datatype,0.1660823370844485
Entity Class,0.4692781474537892
Function Name,0.19464979453523235
Function Output,0.14730187162172562
Join Condition,0.1837760243920392
Ontology Property,0.3847748142669318
Rel. Entity Class,0.3426351274380015
Subject Generation,0.2137491935206274
