column,mean_similarity
CSV Column,0.23654907052865318
Datatype,0.11532988616321949
Entity Class,0.454242086698227
Function Name,0.011216931216931214
Function Output,0.0018022241493819314
Join Condition,0.05604865306005089
Ontology Property,0.31882248751208236
Rel. Entity Class,0.2284855356283928
Subject Generation,0.09397752715931555
