column,mean_similarity
CSV Column,0.35366943375104004
Datatype,0.1975209999277636
Entity Class,0.44414348858926034
Function Name,0.06781127833066479
Function Output,0.16153159087139463
Join Condition,0.18673167563974857
Ontology Property,0.3283070339924759
Rel. Entity Class,0.2690958640582505
Subject Generation,0.262282407283783
