column,mean_similarity
CSV Column,0.4260875583936771
Datatype,0.19060564158211954
Entity Class,0.477929470160717
Function Name,0.10582233406603336
Function Output,0.1775107936312755
Join Condition,0.1709280235071977
Ontology Property,0.38505447920023955
Rel. Entity Class,0.38646234382374756
Subject Generation,0.28571520865354316
