column,mean_similarity
CSV Column,0.8038813908185277
Datatype,0.5591239583279405
Entity Class,0.6909417460362116
Function Name,0.2921439508597056
Function Output,0.4881657510995865
Join Condition,0.8024526337782542
Ontology Property,0.9545190987132844
Rel. Entity Class,0.7025107145309448
Subject Generation,0.3298607048179422
