column,mean_similarity
CSV Column,0.6934296360177287
Datatype,0.46877981568675
Entity Class,0.6326066499901324
Function Name,0.2733925133943558
Function Output,0.36684002519946174
Join Condition,0.46964653126067585
Ontology Property,0.8343249861899208
Rel. Entity Class,0.5393842352136797
Subject Generation,0.3096690357291549
