column,mean_similarity
CSV Column,0.745286063143206
Datatype,0.4948034769463341
Entity Class,0.6585266585266586
Function Name,0.0
Function Output,0.24111885279765422
Join Condition,0.6530562982768865
Ontology Property,0.949788306931164
Rel. Entity Class,0.654320987654321
Subject Generation,0.3055432699395547
