column,mean_similarity
CSV Column,0.6826257123838387
Datatype,0.497377980862096
Entity Class,0.6227695607234135
Function Name,0.2733925133943558
Function Output,0.5538085847855523
Join Condition,0.46964653126067585
Ontology Property,0.8572614292263848
Rel. Entity Class,0.5907474684218567
Subject Generation,0.3021429157680095
