column,mean_similarity
CSV Column,0.9484651959859408
Datatype,0.7296328022598456
Entity Class,0.963407828257634
Function Name,0.2966073830922445
Function Output,0.29639677779037693
Join Condition,0.7288229788343111
Ontology Property,0.9692307692307692
Rel. Entity Class,0.910001212074643
Subject Generation,0.698645937232635
