column,mean_similarity
CSV Column,0.9858372956514359
Datatype,0.707102202448166
Entity Class,1.0
Function Name,0.2966073830922445
Function Output,0.2945241183042526
Join Condition,0.7829939853399992
Ontology Property,1.0
Rel. Entity Class,0.9616680807537503
Subject Generation,0.7257701394458612
