column,mean_similarity
CSV Column,0.9642857142857143
Datatype,0.6277281746031745
Entity Class,1.0
Function Name,0.0
Function Output,0.14830074426964723
Join Condition,0.4677428721291821
Ontology Property,1.0
Rel. Entity Class,0.9052706552706553
Subject Generation,0.7052662037037036
