column,mean_similarity
CSV Column,0.9484651959859408
Datatype,0.7296328022598456
Entity Class,1.0
Function Name,0.2966073830922445
Function Output,0.29639677779037693
Join Condition,0.6098209860424201
Ontology Property,0.9640514071171099
Rel. Entity Class,0.829667755358276
Subject Generation,0.7225999239927683
