column,mean_similarity
CSV Column,0.8555828385737353
Datatype,0.40432996708485813
Entity Class,0.9291576034638472
Function Name,0.19652949083872415
Function Output,0.46985433499018353
Join Condition,0.06078552405888538
Ontology Property,0.9318318091906034
Related Entity Class,0.15810085651398254
Subject Generation,0.40912329689310045
