column,mean_similarity
CSV Column,0.9520093347781744
Datatype,0.5494334897647302
Entity Class,0.9153779398317884
Function Name,0.19652949083872415
Function Output,0.46985433499018353
Join Condition,0.06647943676147954
Ontology Property,0.9777270983426999
Related Entity Class,0.16232593308500076
Subject Generation,0.415138259397936
