column,mean_similarity
CSV Column,0.6283434557693975
Datatype,0.9008417010307314
Entity Class,1.0
Function Name,0.3500260374302975
Function Output,0.6800885169594376
Join Condition,0.9634562333424886
Ontology Property,0.9949494949494951
Related Entity Class,1.0
Subject Generation,0.5456439298366814
