column,mean_similarity
CSV Column,0.801375076174736
Datatype,0.5895508170127869
Entity Class,1.0
Function Name,0.3500260374302975
Function Output,0.6800885169594376
Join Condition,0.9634562333424886
Ontology Property,0.8981044774103647
Related Entity Class,1.0
Subject Generation,0.5456439298366814
