column,mean_similarity
CSV Column,0.6604443794737259
Datatype,0.7333333333333334
Entity Class,1.0
Language Annotations,0.6988526980082194
Ontology Property,0.8330671941792523
Subject Generation,1.000000238418579
