column,mean_similarity
CSV Column,0.9567307692307693
Datatype,0.6714951286713283
Entity Class,0.9908955463996301
Function Name,1.0
Function Output,0.9197320640087128
Join Condition,0.07170226718440201
Ontology Property,0.9746069082847009
Related Entity Class,0.1297177704465058
Subject Generation,0.5574038956092646
