column,mean_similarity
CSV Column,0.9273651876107408
Datatype,0.7588805572275151
Entity Class,0.9165954548451637
Function Name,0.37489139040311176
Function Output,0.23942545561326875
Join Condition,0.9372226595878601
Ontology Property,0.9340754523873329
Rel. Entity Class,0.12311447411775589
Related Entity Class,0.12311447411775589
Subject Generation,0.45897098940122066
