column,mean_similarity
CSV Column,0.9767160899937153
Datatype,0.9585313986365994
Entity Class,1.0
Function Name,0.37489139040311176
Function Output,0.23942545561326875
Join Condition,0.9372226595878601
Ontology Property,1.0
Rel. Entity Class,1.0
Subject Generation,0.514451718578736
