column,mean_similarity
CSV Column,0.9339973193903764
Datatype,0.888509452825895
Entity Class,0.9392168963396991
Function Name,0.37489139040311176
Function Output,0.23942545561326875
Join Condition,0.9372226595878601
Ontology Property,0.9334274237906491
Rel. Entity Class,1.0
Subject Generation,0.475881733019989
