column,mean_similarity
CSV Column,0.9630681818181818
Datatype,0.9583333333333334
Entity Class,1.0
Function Name,0.09523809523809523
Function Output,0.04128245892951775
Join Condition,0.7032467532467533
Ontology Property,1.0
Rel. Entity Class,1.0
Subject Generation,0.41582616843033504
