column,mean_similarity
CSV Column,0.11680411588692562
Datatype,0.15354938271604937
Entity Class,0.41978074374455954
Function Name,0.03333333333333333
Function Output,0.0010109726564774574
Join Condition,0.031102355473060006
Ontology Property,0.2588722228437788
Rel. Entity Class,0.09697667652213106
Subject Generation,0.1521953163511429
