column,mean_similarity
CSV Column,0.22862986965467122
Datatype,0.23003646607200304
Entity Class,0.4013197237211797
Function Name,0.11561146848613307
Function Output,0.11183701789095289
Join Condition,0.14084295017128087
Ontology Property,0.264625730453473
Rel. Entity Class,0.17290576537072413
Subject Generation,0.33386566378693616
