column,mean_similarity
CSV Column,0.22857967947584412
Datatype,0.07403150333476387
Entity Class,0.56044210511223
Function Name,0.24149619302138536
Function Output,0.25613413540025554
Join Condition,0.13927555461857646
Ontology Property,0.3449429844551856
Rel. Entity Class,0.2364105983079747
Subject Generation,0.3644121915581248
