column,mean_similarity
CSV Column,0.49004936263362797
Datatype,0.6556130367891061
Entity Class,0.8740535651644071
Join Condition,0.05107745639979839
Language Annotations,0.75
Ontology Property,0.7466082427473295
Related Entity Class,0.46523358921209973
Subject Generation,0.6021028237445333
