column,mean_similarity
Datatype,0.22339269154476193
Entity Class,0.6032049088565747
Function Name,0.17667074822303322
Function Output,0.2440232958437668
Join Condition,0.14500677166165504
Ontology Property,0.3903305865104401
Related Entity Class,0.2301180751284515
Subject Generation,0.37350218700903276
XML Path,0.23111750623003022
