column,mean_similarity
CSV Column,0.9603174603174603
Datatype,0.5591531254574732
Entity Class,0.921611952861953
Function Name,0.0
Function Output,0.005986887508626643
Join Condition,0.19955436720142603
Ontology Property,0.9101499257868442
Rel. Entity Class,0.9791666666666666
Subject Generation,0.4959336959336959
