column,mean_similarity
CSV Column,0.986514386203554
Datatype,0.6523314540584882
Entity Class,0.9603895812925667
Function Name,0.14453100946007505
Function Output,0.09611343188832204
Join Condition,0.10167815585931143
Ontology Property,0.9407579369015164
Rel. Entity Class,0.6707697321350375
Subject Generation,0.6175953961080975
