column,mean_similarity
CSV Column,0.986514386203554
Datatype,0.6570761054754257
Entity Class,0.9603895812925667
Function Name,0.14453100946007505
Function Output,0.09611343188832204
Join Condition,0.3599322145183881
Ontology Property,0.9607708851496378
Rel. Entity Class,0.9804049928983053
Subject Generation,0.6175953961080975
