column,mean_similarity
CSV Column,0.6741579172010453
Datatype,0.5874784561959481
Entity Class,0.8002901665240252
Function Name,0.050128167122602464
Function Output,0.3097301296944521
Join Condition,0.6602088264707061
Ontology Property,0.7113430570290943
Rel. Entity Class,0.7952296766969894
Subject Generation,0.5451723198435662
