column,mean_similarity
CSV Column,0.663576270021029
Datatype,0.640326907192244
Entity Class,0.7978025989273446
Function Name,0.050128167122602464
Function Output,0.5100028112466902
Join Condition,0.6602088264707061
Ontology Property,0.7465005442700918
Rel. Entity Class,0.8862832803279161
Subject Generation,0.5199090547287091
