column,mean_similarity
CSV Column,0.8571428571428572
Datatype,0.9231601731601732
Entity Class,0.9920634920634921
Function Name,0.0
Function Output,0.4260036953166187
Join Condition,0.9322128851540615
Ontology Property,0.9967532467532468
Rel. Entity Class,1.0
Subject Generation,0.43135896003820534
