column,mean_similarity
CSV Column,0.8844635337591171
Datatype,0.9006210789084435
Entity Class,0.9907289317675999
Function Name,0.03157169123490652
Function Output,0.4983403741717141
Join Condition,0.98114542166392
Ontology Property,0.9916525099958692
Rel. Entity Class,1.0
Subject Generation,0.6848901226407006
