column,TP,FP,FN,precision,recall,f1
CSV Column,36,0,0,1.0,1.0,1.0
Datatype,10,0,2,1.0,0.8333333333333334,0.9090909090909091
Entity Class,42,0,0,1.0,1.0,1.0
Function Name,24,0,0,1.0,1.0,1.0
Function Output,24,0,0,1.0,1.0,1.0
Join Condition,0,0,4,0.0,0.0,0.0
Ontology Property,42,0,0,1.0,1.0,1.0
Related Entity Class,24,0,6,1.0,0.8,0.888888888888889
Subject Generation,3,0,39,1.0,0.07142857142857142,0.13333333333333333
