column,mean_similarity
CSV Column,0.9567307692307693
Datatype,0.9132137695948283
Entity Class,0.9908955463996301
Function Name,0.8076296120882035
Function Output,0.9536025126775106
Join Condition,0.04314379394054413
Ontology Property,0.9908955463996301
Related Entity Class,0.9135802469135802
Subject Generation,0.6281606487973908
