column,mean_similarity
CSV Column,0.8663117183106287
Datatype,0.9132137695948283
Entity Class,1.0
Function Name,0.8076296120882035
Function Output,0.9536025126775106
Join Condition,0.467912707477808
Ontology Property,1.0
Related Entity Class,0.9193326507295879
Subject Generation,0.6393681922893384
