column,mean_similarity
Datatype,0.13784179743379354
Entity Class,0.6290883234168728
Function Name,0.05772063136100769
Function Output,0.17009254172444344
Join Condition,0.16706205258766813
Ontology Property,0.4036144953755456
Related Entity Class,0.37531476272713565
Subject Generation,0.29378476606474985
XML Path,0.2283304351251694
