column,TP,FP,FN,precision,recall,f1
CSV Column,5,0,12,1.0,0.29411764705882354,0.45454545454545453
Datatype,15,0,0,1.0,1.0,1.0
Entity Class,18,0,0,1.0,1.0,1.0
Join Condition,2,0,1,1.0,0.6666666666666666,0.8
Language Annotations,0,0,3,0.0,0.0,0.0
Ontology Property,18,0,0,1.0,1.0,1.0
Related Entity Class,3,0,0,1.0,1.0,1.0
Subject Generation,11,0,7,1.0,0.6111111111111112,0.7586206896551725
