column,TP,FP,FN,precision,recall,f1
CSV Column,8,0,0,1.0,1.0,1.0
Entity Class,6,0,2,1.0,0.75,0.8571428571428571
Ontology Property,3,0,5,1.0,0.375,0.5454545454545454
Subject Generation,5,0,3,1.0,0.625,0.7692307692307693
