column,mean_similarity
CSV Column,0.560031841976209
Datatype,0.8080176711082458
Entity Class,0.9814625382423401
Function Name,0.3897413291555621
Function Output,0.6326482894714813
Join Condition,0.6820929075280825
Ontology Property,0.973164294244361
Related Entity Class,0.9705128205128206
Subject Generation,0.9361308614412943
