column,mean_similarity
CSV Column,0.5828886878796112
Datatype,0.5974698204961087
Entity Class,0.9814625382423401
Function Name,0.3220358021075181
Function Output,0.5130187296399945
Join Condition,0.6820929075280825
Ontology Property,0.8811175935002459
Rel. Entity Class,0.12625818699598312
Related Entity Class,0.12836850558718046
Subject Generation,0.9361308614412943
