column,mean_similarity
CSV Column,0.9043276309967041
Entity Class,0.8449382881323496
Ontology Property,0.6913980212476519
Subject Generation,0.5321997155745825
