column,mean_similarity
CSV Column,0.9440987010796865
Entity Class,1.0
Join Condition,0.4095810254414876
Ontology Property,0.9120874881744386
Related Entity Class,0.8608531554539999
Subject Generation,0.45274691341216106
