column,mean_similarity
Datatype,0.1515118310916532
Entity Class,0.513651384820549
Function Name,0.2622724369996124
Function Output,0.30217233010464245
Join Condition,0.14584478863679126
Ontology Property,0.42855869113848355
Related Entity Class,0.3427435298859309
Subject Generation,0.34460917569579946
XML Path,0.3814576966096721
