column,mean_similarity
CSV Column,0.9646088220179081
Datatype,1.0
Entity Class,0.9696832671761513
Function Name,0.37489139040311176
Function Output,0.28143408728970426
Join Condition,0.07451103876034419
Ontology Property,0.9696832671761513
Rel. Entity Class,0.03340042382478714
Related Entity Class,0.12311447411775589
Subject Generation,0.5128445482613253
