Method,Data Reference,Ontology Property,Entity Class,Related Entity Class,Subject Generation,Join Condition,Datatype,Function Name,Function Output
deepseek,0.375000000,0.390000000,0.500869565,,0.000000000,0.000000000,0.230769231,0.000000000,0.000000000
gemini,0.727272727,0.207288705,0.245404631,,0.000000000,0.000000000,0.114285714,0.000000000,0.000000000
gpt4o,0.947368421,0.120000000,0.171568627,,0.000000000,0.000000000,0.066666667,0.000000000,0.000000000
llama,0.700000000,0.299770511,0.180263158,,0.000000000,0.000000000,0.000000000,0.142857143,0.000000000
mixtral,0.500000000,0.019230769,0.107466063,,0.000000000,0.000000000,0.000000000,0.000000000,0.000000000
o3,0.482758621,0.316049383,0.304179682,,0.000000000,0.000000000,0.292857143,0.000000000,0.000000000
