column,mean_similarity
CSV Column,1.0
Datatype,0.3931723653648787
Entity Class,0.5255747031623567
Function Name,0.0
Function Output,0.08719584744782373
Join Condition,0.11564724765885308
Ontology Property,1.0
Rel. Entity Class,0.4266556641556641
Subject Generation,0.25035395976572444
