column,mean_similarity
CSV Column,1.0
Datatype,0.5488266511396929
Entity Class,0.6780214074886205
Function Name,0.1399949236525229
Function Output,0.24670001573747757
Join Condition,0.23014813738244802
Ontology Property,1.0
Rel. Entity Class,0.648171710057391
Subject Generation,0.3127047033472495
