column,mean_similarity
CSV Column,0.8592360110849592
Datatype,0.4957168253139251
Entity Class,0.6596659757134704
Function Name,0.1414887865610195
Function Output,0.23351831105772894
Join Condition,0.18668560900095135
Ontology Property,0.8565613196694019
Rel. Entity Class,0.5231115619299048
Subject Generation,0.27295312932749954
