column,mean_similarity
CSV Column,0.9519107242425283
Datatype,0.35325295478105545
Entity Class,1.0
Function Name,0.09522033797111362
Function Output,0.309670993700774
Join Condition,0.07170226718440201
Ontology Property,1.0
Rel. Entity Class,0.13134775310754776
Subject Generation,0.4287595624725024
