column,mean_similarity
CSV Column,0.9330188197257755
Datatype,0.461435323043002
Entity Class,1.0
Function Name,0.9027777777777778
Function Output,0.9197320640087128
Join Condition,0.15687636009011513
Ontology Property,0.9681815690609997
Related Entity Class,0.9028750122697264
Subject Generation,0.6776042127754808
