column,mean_similarity
CSV Column,0.9567307692307693
Datatype,0.4356295932912165
Entity Class,0.9908955463996301
Function Name,0.9027777777777778
Function Output,0.9197320640087128
Join Condition,0.09468694389584274
Ontology Property,0.9746069082847009
Related Entity Class,0.8901393581181765
Subject Generation,0.6677665708003899
