column,mean_similarity
CSV Column,0.20265115226308505
Datatype,0.17188052063186965
Entity Class,0.26942513858278594
Function Name,0.040444329877694446
Function Output,0.1585023031880458
Join Condition,0.16427517654719176
Ontology Property,0.26924144389728705
Rel. Entity Class,0.21103988450868105
Subject Generation,0.272135866060853
