column,mean_similarity
CSV Column,0.3401767812401692
Datatype,0.14817588320088687
Entity Class,0.3400266847240272
Function Name,0.09766471882661183
Function Output,0.1627779022620115
Join Condition,0.12090591500602264
Ontology Property,0.39327315136386726
Rel. Entity Class,0.2038004334247577
Subject Generation,0.2762307363019125
