column,mean_similarity
CSV Column,0.08807959065379463
Datatype,0.07294372294372294
Entity Class,0.21972099681078006
Function Name,0.004545454545454545
Function Output,0.002740167633784655
Join Condition,0.04323814908178799
Ontology Property,0.25115912194632706
Rel. Entity Class,0.13378281037011197
Subject Generation,0.2222429603328332
