column,mean_similarity
CSV Column,0.12251938797945273
Datatype,0.22962962962962963
Entity Class,0.26187872012175417
Function Name,0.010617283950617283
Function Output,0.0019019987105093486
Join Condition,0.030728988375165283
Ontology Property,0.27754780771968773
Rel. Entity Class,0.13838842484675817
Subject Generation,0.11295472003106533
