column,mean_similarity
CSV Column,0.2869988944381476
Datatype,0.3008013654189805
Entity Class,0.26634023909767474
Function Name,0.13205278148805655
Function Output,0.11640639472752808
Join Condition,0.18694057302283387
Ontology Property,0.31078596400717895
Rel. Entity Class,0.1922440219980975
Subject Generation,0.17378871738910676
