column,mean_similarity
CSV Column,0.2985168857407798
Datatype,0.15107783754233642
Entity Class,0.35520741981426
Function Name,0.14512444776770325
Function Output,0.1368254693796891
Join Condition,0.16975754844380542
Ontology Property,0.3408075515159161
Rel. Entity Class,0.2875766456845789
Subject Generation,0.16402640784554015
