column,mean_similarity
CSV Column,0.4436643139627388
Datatype,0.2721647869674185
Entity Class,0.9064814814814816
Function Name,0.0
Function Output,0.06507434240584277
Join Condition,0.2665045489740612
Ontology Property,0.6811360647293309
Rel. Entity Class,0.47775796734130066
Subject Generation,0.42247175673388265
