column,mean_similarity
CSV Column,0.5233955012841357
Datatype,0.3738670336444759
Entity Class,0.9101436353392072
Function Name,0.1358633561887675
Function Output,0.15609188727103174
Join Condition,0.4518405804410577
Ontology Property,0.7583751839896044
Rel. Entity Class,0.48862411429928176
Subject Generation,0.41950211580842733
