column,mean_similarity
CSV Column,0.416846062046931
Datatype,0.39513006646930243
Entity Class,0.6054746411223785
Function Name,0.13035168271097872
Function Output,0.14082814476399044
Join Condition,0.18236180373852576
Ontology Property,0.5328001537330523
Rel. Entity Class,0.25852929305786615
Subject Generation,0.2757007984277601
