column,mean_similarity
CSV Column,0.5400036287531434
Datatype,0.4058944098161931
Entity Class,0.704411391080486
Function Name,0.13035168271097872
Function Output,0.17179970293547053
Join Condition,0.5294895481525196
Ontology Property,0.6549668165413497
Rel. Entity Class,0.6067203604123171
Subject Generation,0.3215753435973067
