column,mean_similarity
CSV Column,0.8180417363073852
Datatype,0.3569045076412715
Entity Class,0.8432533379086262
Function Name,0.13406916680159392
Function Output,0.5032547971967495
Join Condition,0.09700195801754792
Ontology Property,0.800976141783993
Rel. Entity Class,0.78833554937984
Subject Generation,0.5676066649769262
