column,mean_similarity
CSV Column,0.7846830573198232
Datatype,0.37653420018861317
Entity Class,0.8347661816415783
Function Name,0.13406916680159392
Function Output,0.46695816660659356
Join Condition,0.09700195801754792
Ontology Property,0.7881412285505314
Rel. Entity Class,0.7251583002621556
Subject Generation,0.5644015589214245
