column,mean_similarity
CSV Column,1.0
Datatype,0.7271470332687552
Entity Class,0.7074004465883429
Function Name,0.030619327599803608
Function Output,0.21806182780049063
Join Condition,0.1220025062561035
Ontology Property,1.0
Rel. Entity Class,0.40892207622528076
Subject Generation,0.679023265838623
