column,mean_similarity
CSV Column,0.9682539682539684
Datatype,0.7475550536705989
Entity Class,0.7038406681532812
Function Name,0.03275787737220526
Function Output,0.2081827993382408
Join Condition,0.11904495484901197
Ontology Property,0.9646983462167374
Rel. Entity Class,0.3547543063759804
Subject Generation,0.679023265838623
