column,mean_similarity
CSV Column,0.8025121453761433
Datatype,0.7700701315687702
Entity Class,0.9292609567443529
Function Name,0.21942329179081654
Function Output,0.2196295959727159
Join Condition,0.13972042997678122
Ontology Property,0.8248366081761936
Rel. Entity Class,0.03340042382478714
Related Entity Class,0.12311447411775589
Subject Generation,0.11974081544515987
