column,mean_similarity
CSV Column,0.9252601047356923
Datatype,0.9408745567003886
Entity Class,1.0
Function Name,0.38580493463410276
Function Output,0.42202375427124994
Join Condition,0.8576836188634237
Ontology Property,1.0
Related Entity Class,1.0
Subject Generation,0.14004551702075532
