column,mean_similarity
CSV Column,0.9020698051948052
Datatype,0.3455521346469623
Entity Class,0.6565255731922398
Function Name,0.0
Function Output,0.1796139061192149
Join Condition,0.4335059882856893
Ontology Property,0.9839181286549707
Rel. Entity Class,0.6743827160493828
Subject Generation,0.07715474602267056
