column,mean_similarity
CSV Column,0.9392532656590143
Datatype,0.49112048051837415
Entity Class,0.7447002091341548
Function Name,0.2604131539662679
Function Output,0.32482485395102273
Join Condition,0.7211933019571006
Ontology Property,0.9841429375939899
Rel. Entity Class,0.7072445253531138
Subject Generation,0.18492735425631204
