column,mean_similarity
CSV Column,0.6995560231329644
Datatype,0.4767965028360808
Entity Class,0.5091429495056011
Function Name,0.2593060963683658
Function Output,0.3175781544743877
Join Condition,0.2777690014767426
Ontology Property,0.7632607334205713
Rel. Entity Class,0.438845614306914
Subject Generation,0.19962454894950377
