column,mean_similarity
CSV Column,0.7072719180865635
Datatype,0.47824879991882424
Entity Class,0.55359751806129
Function Name,0.2593060963683658
Function Output,0.2702879730974661
Join Condition,0.5982764296544095
Ontology Property,0.7550239807529272
Rel. Entity Class,0.6747135822735135
Subject Generation,0.21650190542622638
