column,mean_similarity
CSV Column,0.7236435093653548
Datatype,0.6875067778996059
Entity Class,0.8785514849153433
Function Name,0.4215671970294072
Function Output,0.5272528886795044
Join Condition,0.07688916623074975
Ontology Property,0.9231071254219673
Related Entity Class,0.5319905537875399
Subject Generation,0.2563989384345997
