column,mean_similarity
CSV Column,0.5375930670744333
Datatype,0.4568476847801653
Entity Class,0.8366502368552053
Function Name,0.23814745092597897
Function Output,0.2542672642042128
Join Condition,0.07428301151243712
Ontology Property,0.7762772903483138
Related Entity Class,0.3101829247434198
Subject Generation,0.2567089077069929
