column,mean_similarity
CSV Column,0.836947764063047
Datatype,0.7549191196759543
Entity Class,0.9603895812925667
Join Condition,0.3599322145183881
Ontology Property,0.9786147517171534
Related Entity Class,0.9804049928983053
Subject Generation,0.9304144779841105
