column,mean_similarity
CSV Column,0.6065688778467365
Datatype,0.24321190367713286
Entity Class,0.6548468394465531
Function Name,0.11259095966815948
Function Output,0.19549470625955748
Join Condition,0.23291393247942302
Ontology Property,0.7472882618455484
Rel. Entity Class,0.4883837724331195
Subject Generation,0.4921689937389259
