column,mean_similarity
CSV Column,0.917989417989418
Datatype,0.32865148983570036
Entity Class,0.8386183261183261
Function Name,0.0
Function Output,0.10874345445321547
Join Condition,0.05120202814931376
Ontology Property,0.9722222222222223
Rel. Entity Class,0.189021164021164
Subject Generation,0.2568162016579682
