column,mean_similarity
CSV Column,0.9426252676381006
Datatype,0.29899580031633377
Entity Class,0.8573702838685776
Function Name,0.11259095966815948
Function Output,0.21971142456999848
Join Condition,0.26637482311990524
Ontology Property,0.9740371273623571
Rel. Entity Class,0.21602764742241964
Subject Generation,0.6113025289442805
