column,mean_similarity
CSV Column,0.5847814514278779
Datatype,0.21703384671888673
Entity Class,0.7220557867567202
Function Name,0.11259095966815948
Function Output,0.13297450340663394
Join Condition,0.14383804047894147
Ontology Property,0.7535783821509362
Rel. Entity Class,0.1691508797741441
Subject Generation,0.5345342671520329
