column,mean_similarity
CSV Column,0.9767160899937153
Datatype,0.7435188433155417
Entity Class,1.0
Function Name,0.2780222403299477
Function Output,0.11676074491697364
Join Condition,0.4774694045384725
Ontology Property,1.0
Rel. Entity Class,0.45979412148396176
Subject Generation,0.7086819782853127
