column,mean_similarity
CSV Column,0.9630681818181818
Datatype,0.56875
Entity Class,1.0
Function Name,0.10683760683760683
Function Output,0.030465023847376777
Join Condition,0.1714285714285714
Ontology Property,1.0
Rel. Entity Class,0.38888888888888884
Subject Generation,0.3731003039513678
