column,mean_similarity
CSV Column,1.0
Datatype,0.804403921123594
Entity Class,0.9696832671761513
Function Name,0.2780222403299477
Function Output,0.13346805840265005
Join Condition,0.13980257511138916
Ontology Property,0.9748571440577507
Rel. Entity Class,0.14047003868553373
Subject Generation,0.6873057511575679
