column,mean_similarity
CSV Column,0.9767160899937153
Datatype,0.7481042928993702
Entity Class,1.0
Function Name,0.2780222403299477
Function Output,0.13346805840265005
Join Condition,0.4774694045384725
Ontology Property,1.0
Rel. Entity Class,0.1794281005859375
Related Entity Class,0.12311447411775589
Subject Generation,0.7086819782853127
