column,mean_similarity
Datatype,0.101030252315104
Entity Class,0.2660234571746514
Function Name,0.04917328976508643
Function Output,0.11194627390553553
Join Condition,0.1436518199653143
Ontology Property,0.2677044920915123
Related Entity Class,0.14926529729908164
Subject Generation,0.226807373028899
XML Path,0.243369325891965
