column,mean_similarity
CSV Column,1.0
Datatype,0.975
Entity Class,0.9805894255638122
Function Name,0.029316974865893523
Function Output,0.013117919117212296
Join Condition,0.03968881443142891
Ontology Property,1.0
Rel. Entity Class,0.09364988406499226
Subject Generation,0.55612074136734
