method,precision_XML Path,precision_Datatype,precision_Entity Class,precision_Related Entity Class,precision_Subject Generation,precision_Join Condition,precision_Ontology Property,precision_Language Annotations,precision_Function Name,precision_Function Output,recall_XML Path,recall_Datatype,recall_Entity Class,recall_Related Entity Class,recall_Subject Generation,recall_Join Condition,recall_Ontology Property,recall_Language Annotations,recall_Function Name,recall_Function Output,f1_XML Path,f1_Datatype,f1_Entity Class,f1_Related Entity Class,f1_Subject Generation,f1_Join Condition,f1_Ontology Property,f1_Language Annotations,f1_Function Name,f1_Function Output
deepseek,,1.000000000,1.000000000,1.000000000,0.750000000,0.500000000,1.000000000,1.000000000,,,,0.966666667,0.982954545,0.937500000,0.474353832,0.500000000,0.961430481,0.833333333,,,,0.982456140,0.990853659,0.964285714,0.566126374,0.500000000,0.979656172,0.900000000,,
gemini,,1.000000000,1.000000000,1.000000000,1.000000000,0.250000000,1.000000000,0.500000000,,,,1.000000000,1.000000000,1.000000000,0.579221491,0.166666667,1.000000000,0.500000000,,,,1.000000000,1.000000000,1.000000000,0.679563492,0.200000000,1.000000000,0.500000000,,
gpt4o,,1.000000000,1.000000000,1.000000000,1.000000000,0.250000000,1.000000000,1.000000000,,,,1.000000000,0.988095238,1.000000000,0.766624896,0.083333333,0.980263158,1.000000000,,,,1.000000000,0.993750000,1.000000000,0.841225369,0.125000000,0.989677177,1.000000000,,
llama,,1.000000000,1.000000000,1.000000000,1.000000000,0.000000000,1.000000000,0.500000000,,,,0.875000000,0.994047619,1.000000000,0.867063492,0.000000000,0.913690476,0.500000000,,,,0.930158730,0.996951220,1.000000000,0.918452381,0.000000000,0.951127820,0.500000000,,
mixtral,,1.000000000,1.000000000,1.000000000,0.500000000,0.000000000,1.000000000,0.000000000,,,,0.816764133,1.000000000,0.916666667,0.253333333,0.000000000,0.905350877,0.000000000,,,,0.886243386,1.000000000,0.950000000,0.301149425,0.000000000,0.944525439,0.000000000,,
o3,,1.000000000,1.000000000,1.000000000,0.750000000,0.500000000,1.000000000,0.500000000,,,,0.617063492,0.927083333,1.000000000,0.651934524,0.500000000,0.593479437,0.428571429,,,,0.761770466,0.957142857,1.000000000,0.694963370,0.500000000,0.714353180,0.461538462,,
