Method,Data Reference,Ontology Property,Entity Class,Related Entity Class,Subject Generation,Join Condition,Datatype,Language Annotations
deepseek,0.747881653,0.979656172,0.990853659,0.964285714,0.566126374,0.500000000,0.982456140,0.900000000
gemini,0.860389610,1.000000000,1.000000000,1.000000000,0.679563492,0.200000000,1.000000000,0.500000000
gpt4o,0.666666667,0.989677177,0.993750000,1.000000000,0.841225369,0.125000000,1.000000000,1.000000000
llama,0.847527473,0.951127820,0.996951220,1.000000000,0.918452381,0.000000000,0.930158730,0.500000000
mixtral,0.625000000,0.944525439,1.000000000,0.950000000,0.301149425,0.000000000,0.886243386,0.000000000
o3,0.716791092,0.714353180,0.957142857,1.000000000,0.694963370,0.500000000,0.761770466,0.461538462
