column,mean_similarity
CSV Column,0.6896163835707639
Datatype,0.742366717921363
Entity Class,0.7665301561355591
Function Name,0.38905413881108
Function Output,0.7484417830796771
Join Condition,0.9500470062096914
Ontology Property,1.0
Related Entity Class,0.7380845389826588
Subject Generation,0.20503460481348965
