column,mean_similarity
CSV Column,0.9484551341178508
Datatype,0.31716470534075164
Entity Class,1.0
Function Name,0.0719006760045886
Function Output,0.5679795340417687
Join Condition,0.13685111464424568
Ontology Property,1.0
Rel. Entity Class,1.0
Subject Generation,0.45848366225737797
