column,mean_similarity
CSV Column,0.9519107242425283
Datatype,0.2945553312699
Entity Class,1.0
Function Name,0.0719006760045886
Function Output,0.5846487997720639
Join Condition,0.13685111464424568
Ontology Property,1.0
Rel. Entity Class,1.0
Subject Generation,0.3691290182371934
