column,mean_similarity
CSV Column,0.7535302583542135
Datatype,0.5119613999824578
Entity Class,0.7913361465696384
Function Name,0.07313417286301653
Function Output,0.14219451405071112
Join Condition,0.11701285512251751
Ontology Property,0.7728282307912971
Rel. Entity Class,0.3470066718538018
Subject Generation,0.2420643099720737
