column,mean_similarity
CSV Column,0.7044412359912101
Datatype,0.546089488199973
Entity Class,0.7732379676774145
Function Name,0.07313417286301653
Function Output,0.16920946002868184
Join Condition,0.09601373260400148
Ontology Property,0.8528241925379808
Rel. Entity Class,0.41043912313699976
Subject Generation,0.23304694764067604
