column,mean_similarity
CSV Column,0.747713193239509
Datatype,0.47059978232985483
Entity Class,0.8082671957671957
Function Name,0.0
Function Output,0.045231194023680775
Join Condition,0.03490509762782637
Ontology Property,0.7989151882975412
Rel. Entity Class,0.26818394024276376
Subject Generation,0.13641438889916155
