column,mean_similarity
CSV Column,0.7743760370131997
Datatype,0.532341658482673
Entity Class,0.8360952470244634
Function Name,0.07264409388105075
Function Output,0.13786769723864617
Join Condition,0.09876303328671539
Ontology Property,0.8266358916544253
Rel. Entity Class,0.2980591398540628
Subject Generation,0.2528592001336316
