column,mean_similarity
CSV Column,0.9398783781589607
Datatype,0.7254505998685828
Entity Class,1.0
Function Name,0.09785459438959758
Function Output,0.9151561597690862
Join Condition,0.07948171508808931
Ontology Property,0.9888635491713499
Rel. Entity Class,0.5534853688728661
Subject Generation,0.3904977531785274
