column,mean_similarity
CSV Column,0.9511516756481594
Datatype,0.7320422463946872
Entity Class,1.0
Function Name,0.09785459438959758
Function Output,0.8826556578278542
Join Condition,0.08193716261949803
Ontology Property,1.0
Rel. Entity Class,0.5759553970010193
Subject Generation,0.32410528593593174
