column,mean_similarity
CSV Column,0.5644950953840512
Datatype,0.36643912685315105
Entity Class,0.9620413184165955
Function Name,0.26893587596714497
Function Output,0.34506476025304034
Join Condition,0.15250167439197318
Ontology Property,0.726240913675289
Rel. Entity Class,0.12625818699598312
Related Entity Class,0.11433674001859294
Subject Generation,0.31427355721817746
