column,mean_similarity
CSV Column,0.6601033125210692
Datatype,0.6225195230599366
Entity Class,0.9620413184165955
Function Name,0.4216019239035573
Function Output,0.7450358081746984
Join Condition,0.1470720003600474
Ontology Property,0.9481171147791224
Related Entity Class,0.5614588427598829
Subject Generation,0.3211854646807672
