column,TP,FP,FN,precision,recall,f1
CSV Column,0,0,21,0.0,0.0,0.0
Entity Class,19,0,2,1.0,0.9047619047619048,0.9500000000000001
Join Condition,0,0,3,0.0,0.0,0.0
Ontology Property,18,0,1,1.0,0.9473684210526315,0.972972972972973
Related Entity Class,3,0,0,1.0,1.0,1.0
Subject Generation,15,0,6,1.0,0.7142857142857143,0.8333333333333333
