column,TP,FP,FN,precision,recall,f1
CSV Column,0,0,21,0.0,0.0,0.0
Entity Class,19,0,2,1.0,0.9047619047619048,0.9500000000000001
Join Condition,1,0,2,1.0,0.3333333333333333,0.5
Ontology Property,17,0,2,1.0,0.8947368421052632,0.9444444444444444
Related Entity Class,3,0,0,1.0,1.0,1.0
Subject Generation,18,0,3,1.0,0.8571428571428571,0.923076923076923
