column,TP,FP,FN,precision,recall,f1
CSV Column,13,0,9,1.0,0.5909090909090909,0.7428571428571429
Entity Class,19,0,3,1.0,0.8636363636363636,0.9268292682926829
Join Condition,4,0,0,1.0,1.0,1.0
Ontology Property,20,0,2,1.0,0.9090909090909091,0.9523809523809523
Related Entity Class,3,0,1,1.0,0.75,0.8571428571428571
Subject Generation,13,0,9,1.0,0.5909090909090909,0.7428571428571429
