column,TP,FP,FN,precision,recall,f1
CSV Column,21,0,6,1.0,0.7777777777777778,0.8750000000000001
Datatype,6,0,12,1.0,0.3333333333333333,0.5
Entity Class,39,0,0,1.0,1.0,1.0
Function Name,0,0,9,0.0,0.0,0.0
Function Output,6,0,2,1.0,0.75,0.8571428571428571
Join Condition,12,0,0,1.0,1.0,1.0
Ontology Property,39,0,0,1.0,1.0,1.0
Related Entity Class,18,0,3,1.0,0.8571428571428571,0.923076923076923
Subject Generation,36,0,3,1.0,0.9230769230769231,0.9600000000000001
