column,mean_similarity
CSV Column,0.5644505687330272
Datatype,0.5967555294434229
Entity Class,0.970940170940171
Function Name,0.3519169798264137
Function Output,0.3687835057576498
Join Condition,0.9550423175096512
Ontology Property,0.9772835646463731
Related Entity Class,0.9094266379034365
Subject Generation,0.7637184353975149
