column,TP,FP,FN,precision,recall,f1
CSV Column,16,0,11,1.0,0.5925925925925926,0.7441860465116279
Datatype,6,0,12,1.0,0.3333333333333333,0.5
Entity Class,39,0,0,1.0,1.0,1.0
Function Name,0,0,9,0.0,0.0,0.0
Function Output,2,0,6,1.0,0.25,0.4
Join Condition,12,0,0,1.0,1.0,1.0
Ontology Property,39,0,0,1.0,1.0,1.0
Related Entity Class,17,0,4,1.0,0.8095238095238095,0.8947368421052632
Subject Generation,15,0,24,1.0,0.38461538461538464,0.5555555555555556
