column,mean_similarity
CSV Column,0.9033768788130597
Datatype,0.8873506708553544
Entity Class,0.8819705180146477
Function Name,0.5529450916725657
Function Output,0.8401026527086893
Join Condition,0.705078196246177
Ontology Property,0.9233837440007865
Related Entity Class,0.9200080807010332
Subject Generation,0.5027379650206037
