column,TP,FP,FN,precision,recall,f1
CSV Column,30,0,1,1.0,0.967741935483871,0.9836065573770492
Datatype,22,0,2,1.0,0.9166666666666666,0.9565217391304348
Entity Class,24,0,9,1.0,0.7272727272727273,0.8421052631578948
Function Name,2,0,4,1.0,0.3333333333333333,0.5
Function Output,6,0,0,1.0,1.0,1.0
Join Condition,3,0,0,1.0,1.0,1.0
Ontology Property,29,0,5,1.0,0.8529411764705882,0.9206349206349206
Related Entity Class,9,0,0,1.0,1.0,1.0
Subject Generation,0,0,34,0.0,0.0,0.0
