column,mean_similarity
CSV Column,0.8899858404289592
Datatype,0.8503290514151255
Entity Class,0.921524602355379
Function Name,0.5529450916725657
Function Output,0.8401026527086893
Join Condition,0.705078196246177
Ontology Property,0.9101130619193568
Related Entity Class,1.0
Subject Generation,0.5027379650206037
