column,mean_similarity
Datatype,0.1864813742848734
Entity Class,0.4028886346260925
Function Name,0.19825718329391548
Function Output,0.2519529663647215
Join Condition,0.17949247691503242
Ontology Property,0.4377213359263952
Related Entity Class,0.2753823921637323
Subject Generation,0.40602187616656527
XML Path,0.2707931440228411
