column,mean_similarity
CSV Column,0.9646088220179081
Datatype,0.8118693279102445
Entity Class,0.9696832671761513
Function Name,0.32582617468304104
Function Output,0.34674975077311193
Join Condition,0.13980257511138916
Ontology Property,0.9696832671761513
Rel. Entity Class,0.03340042382478714
Related Entity Class,0.1794281005859375
Subject Generation,0.6836131680756807
