column,mean_similarity
CSV Column,0.9462376609444618
Datatype,0.8118693279102445
Entity Class,1.0
Function Name,0.32582617468304104
Function Output,0.34674975077311193
Join Condition,0.4774694045384725
Ontology Property,1.0
Related Entity Class,0.45979412148396176
Subject Generation,0.7086819782853127
