column,mean_similarity
CSV Column,0.26310979739122464
Datatype,0.19331009069038005
Entity Class,0.24233855964263742
Function Name,0.10436015316548762
Function Output,0.1860866872374257
Join Condition,0.11750423807373389
Ontology Property,0.27623988862503485
Rel. Entity Class,0.18972955830620178
Subject Generation,0.2829882674824171
