column,mean_similarity
CSV Column,0.05621151280436898
Datatype,0.021389490139490142
Entity Class,0.12756583416655012
Function Name,0.011666965513119359
Function Output,3.686994310867156e-05
Join Condition,0.01608679922921775
Ontology Property,0.14228911256387552
Rel. Entity Class,0.05580935846560847
Subject Generation,0.09896444845773718
