column,mean_similarity
CSV Column,0.15533012927044185
Datatype,0.1487407017826896
Entity Class,0.21550258658050248
Function Name,0.055573999467823244
Function Output,0.14861155616549346
Join Condition,0.1535156927312966
Ontology Property,0.15909493956714868
Rel. Entity Class,0.1677774456019203
Subject Generation,0.2561236877149592
