column,mean_similarity
CSV Column,0.9767160899937153
Datatype,0.7708343705938508
Entity Class,1.0
Function Name,0.17833806242570915
Function Output,0.1494425162482878
Join Condition,0.6864566765725613
Ontology Property,1.0
Rel. Entity Class,0.12311447411775589
Related Entity Class,0.12311447411775589
Subject Generation,0.914319838086764
