column,mean_similarity
CSV Column,0.9630681818181818
Datatype,0.8541666666666666
Entity Class,1.0
Function Name,0.07905982905982906
Function Output,0.043577390903161185
Join Condition,0.6636904761904762
Ontology Property,1.0
Rel. Entity Class,1.0
Subject Generation,0.8439849624060151
