column,mean_similarity
CSV Column,0.9767160899937153
Datatype,0.8808154865012815
Entity Class,1.0
Function Name,0.1748589280578825
Function Output,0.1387425349870076
Join Condition,0.6841106249291139
Ontology Property,1.0
Rel. Entity Class,1.0
Subject Generation,0.914319838086764
