column,mean_similarity
CSV Column,0.9403804243088533
Datatype,0.7704290955355674
Entity Class,1.0
Function Name,0.22516880417713012
Function Output,0.3559090056077198
Join Condition,0.6435939154277245
Ontology Property,0.9773818272662486
Related Entity Class,0.8292834858099619
Subject Generation,0.4826593015657541
