column,mean_similarity
CSV Column,0.9081079133902676
Datatype,0.7021931400847814
Entity Class,0.9696832671761513
Function Name,0.2145112493724534
Function Output,0.3030601067399537
Join Condition,0.0995111356023699
Ontology Property,0.8995500088410621
Related Entity Class,0.33934783831475274
Subject Generation,0.48421654985208384
