column,mean_similarity
CSV Column,0.33447874205216105
Datatype,0.16768030287939148
Entity Class,0.33818639676719037
Function Name,0.14179071898138557
Function Output,0.186681284132974
Join Condition,0.17029993477380448
Ontology Property,0.38423112976307433
Rel. Entity Class,0.19222493912152538
Subject Generation,0.39289812808887725
