column,mean_similarity
CSV Column,0.17301814439343124
Datatype,0.06796386483886484
Entity Class,0.20645496648139638
Function Name,0.0
Function Output,7.988487673545504e-05
Join Condition,0.05974051695976831
Ontology Property,0.258968540759858
Rel. Entity Class,0.12985555067321986
Subject Generation,0.24692175092911448
