column,mean_similarity
CSV Column,0.2923254530864332
Datatype,0.1686405617601053
Entity Class,0.24816946432179451
Function Name,0.040483468729588724
Function Output,0.10525963073233506
Join Condition,0.19391672909904867
Ontology Property,0.27248945961289284
Rel. Entity Class,0.2336617388250508
Subject Generation,0.3961178131828003
