column,mean_similarity
CSV Column,0.719337208166955
Datatype,0.3524163228770097
Entity Class,0.8038345390842075
Function Name,0.07936240405967784
Function Output,0.27590943303787047
Join Condition,0.12191243922071797
Ontology Property,0.8313090709732874
Rel. Entity Class,0.49385067625414764
Subject Generation,0.45897800184135873
