column,mean_similarity
CSV Column,0.6914965986394558
Datatype,0.31855158752276397
Entity Class,0.8169006919006919
Function Name,0.0
Function Output,0.08491270317680112
Join Condition,0.02951388888888889
Ontology Property,0.8192492297365356
Rel. Entity Class,0.3678804855275443
Subject Generation,0.2155762916393306
