column,mean_similarity
CSV Column,0.6278759984374749
Datatype,0.39814704602957723
Entity Class,0.7257366047341894
Function Name,0.07737411257056963
Function Output,0.279642996777862
Join Condition,0.10780146694344765
Ontology Property,0.7589209146323399
Rel. Entity Class,0.4602077160385393
Subject Generation,0.409389985096175
