column,mean_similarity
CSV Column,0.6114762062667722
Datatype,0.4023929674025673
Entity Class,0.7131260717679074
Function Name,0.07737411257056963
Function Output,0.24324960031621554
Join Condition,0.11105735057031328
Ontology Property,0.7664503000260662
Rel. Entity Class,0.45853210855455107
Subject Generation,0.4158831572487716
