column,mean_similarity
CSV Column,0.9725378787878788
Datatype,0.7066951566951567
Entity Class,1.0
Function Name,0.021806353790159456
Function Output,0.02539953013150356
Join Condition,0.3772938443670151
Ontology Property,0.9709063131857251
Rel. Entity Class,0.8095238095238096
Subject Generation,0.1923058859339106
