column,mean_similarity
CSV Column,0.98268632332866
Datatype,0.6014373626870414
Entity Class,1.0
Function Name,0.18324001206384674
Function Output,0.10648593485124536
Join Condition,0.640396600899597
Ontology Property,0.9773818272662486
Rel. Entity Class,0.15067932878931364
Related Entity Class,0.12311447411775589
Subject Generation,0.44304368803796706
