column,mean_similarity
CSV Column,0.98268632332866
Datatype,0.6888847536025331
Entity Class,1.0
Function Name,0.17486154001492724
Function Output,0.10059347836664902
Join Condition,0.640396600899597
Ontology Property,0.9764643361171087
Rel. Entity Class,0.8292834858099619
Subject Generation,0.39834668076573276
