column,mean_similarity
CSV Column,0.9904476266640883
Datatype,0.7091797795385505
Entity Class,0.9898944223920504
Function Name,0.18324001206384674
Function Output,0.10648593485124536
Join Condition,0.6254120834637433
Ontology Property,0.9690008752854987
Rel. Entity Class,0.6924303074677786
Subject Generation,0.4486870657394085
