column,mean_similarity
CSV Column,0.9519107242425283
Datatype,0.270949506925212
Entity Class,0.9211679492921879
Function Name,0.03656175786234213
Function Output,0.1794600410509215
Join Condition,0.07582334456620393
Ontology Property,1.0
Rel. Entity Class,0.09086098194573865
Subject Generation,0.38066319955719835
