column,mean_similarity
CSV Column,0.9325396825396824
Datatype,0.19957010582010581
Entity Class,0.9173669467787114
Function Name,0.0
Function Output,0.17251171728349302
Join Condition,0.0
Ontology Property,1.0
Rel. Entity Class,0.1605209423836875
Subject Generation,0.18837171845049858
