column,mean_similarity
CSV Column,0.9335230200190976
Datatype,0.290450723090348
Entity Class,0.8946056918623002
Function Name,0.03756076626033864
Function Output,0.23138232866668296
Join Condition,0.0767583591815753
Ontology Property,0.9780989661812782
Rel. Entity Class,0.1694637116918031
Subject Generation,0.38831039281143154
