column,mean_similarity
Datatype,0.23619583678535291
Entity Class,0.3694403435131825
Function Name,0.08155399498840173
Function Output,0.08470950441228019
Join Condition,0.11999586990310085
Ontology Property,0.240510640010363
Related Entity Class,0.16674497840956545
Subject Generation,0.18340060587033188
XML Path,0.38865730553747174
