column,mean_similarity
CSV Column,0.9291385276751085
Datatype,0.9193774588682033
Entity Class,0.8844717253338207
Function Name,0.5939215222994486
Function Output,1.0
Join Condition,0.8372204303741455
Ontology Property,1.0
Related Entity Class,0.7047057714727191
Subject Generation,0.6270809363235127
