column,mean_similarity
CSV Column,0.8497810512781143
Datatype,0.7872519691785177
Entity Class,1.0
Ontology Property,0.9564814814814815
Subject Generation,0.7073899359722448
