column,mean_similarity
Datatype,0.19954627279744105
Entity Class,0.42257434199207716
Function Name,0.24685865143934885
Function Output,0.38726701587438583
Join Condition,0.14526570137553813
Ontology Property,0.41313206032633704
Related Entity Class,0.2958413262474521
Subject Generation,0.32238381914057984
XML Path,0.3693509390908376
