column,TP,FP,FN,precision,recall,f1
Datatype,4,0,6,1.0,0.4,0.5714285714285715
Entity Class,9,0,37,1.0,0.1956521739130435,0.32727272727272727
Function Name,0,0,3,0.0,0.0,0.0
Function Output,1,0,2,1.0,0.3333333333333333,0.5
Join Condition,0,0,14,0.0,0.0,0.0
Ontology Property,12,0,34,1.0,0.2608695652173913,0.41379310344827586
Related Entity Class,2,0,15,1.0,0.11764705882352941,0.21052631578947367
Subject Generation,0,0,46,0.0,0.0,0.0
XML Path,4,0,17,1.0,0.19047619047619047,0.32
