column,mean_similarity
CSV Column,1.0
Datatype,0.9613019943237303
Entity Class,0.9805894255638122
Function Name,0.0
Function Output,0.06355714394400518
Join Condition,0.03129977360367775
Ontology Property,1.0
Rel. Entity Class,0.037665802985429764
Subject Generation,0.7984669089317321
