column,mean_similarity
CSV Column,1.0
Datatype,0.9171445108950138
Entity Class,0.9068094112656334
Function Name,-0.004378870750466983
Function Output,0.8238800863424937
Join Condition,0.705078196246177
Ontology Property,0.9445081226753466
Rel. Entity Class,1.0
Subject Generation,0.3870001814582131
