column,mean_similarity
CSV Column,0.9787364039156171
Datatype,0.8873506708553544
Entity Class,0.8819705180146477
Function Name,0.013639164571132926
Function Output,0.7382221163974868
Join Condition,0.705078196246177
Ontology Property,0.9233837440007865
Rel. Entity Class,0.9200080807010332
Subject Generation,0.4967328094771175
