column,mean_similarity
CSV Column,0.9659090909090908
Datatype,0.8940949104726315
Entity Class,0.9096715924414722
Function Name,0.013639164571132926
Function Output,0.7865098383691577
Join Condition,0.705078196246177
Ontology Property,0.905863715693204
Rel. Entity Class,0.9288194444444445
Subject Generation,0.4967328094771175
