column,mean_similarity
CSV Column,1.0
Datatype,0.9176136363636364
Entity Class,0.7633164112820792
Function Name,0.0
Function Output,0.4459321475625823
Join Condition,0.20833333333333334
Ontology Property,0.9280719280719282
Rel. Entity Class,1.0
Subject Generation,0.24413222021194883
