column,mean_similarity
Datatype,0.18807564361055418
Entity Class,0.635385257800099
Function Name,0.2450009914425512
Function Output,0.3405771293366949
Join Condition,0.14009802478526193
Ontology Property,0.42322108321865226
Related Entity Class,0.40644735368649937
Subject Generation,0.4026423116641151
XML Path,0.25930298640335675
