column,mean_similarity
CSV Column,1.0
Datatype,0.5495456667108969
Entity Class,0.28200854473944864
Function Name,0.20826875666777292
Function Output,0.5224229055767258
Join Condition,0.8234126965204874
Ontology Property,1.0
Rel. Entity Class,0.37388343281216097
Subject Generation,0.14743512530218472
