column,mean_similarity
CSV Column,1.0
Datatype,0.5495456667108969
Entity Class,0.33390627601963424
Function Name,0.20826875666777292
Function Output,0.5240552498425683
Join Condition,0.8234126965204874
Ontology Property,1.0
Rel. Entity Class,0.37388343281216097
Subject Generation,0.14788178613390587
