column,mean_similarity
CSV Column,1.0
Datatype,0.4848003848003848
Entity Class,0.31460210201362887
Function Name,0.0
Function Output,0.23172806661937095
Join Condition,0.6175807217473884
Ontology Property,1.0
Rel. Entity Class,0.28703703703703703
Subject Generation,0.04287977817389582
