Method,Data Reference,Ontology Property,Entity Class,Related Entity Class,Subject Generation,Join Condition,Datatype,Function Name,Function Output
Deepseek R1,0.49,0.491525424,0.469809322,0.530993042,0.0,0,0.298136646,0.842592593,0.0
Gemini 2.5 Pro,0.44,0.444757345,0.448303935,0.532838721,0.072727273,0.046511628,0.36095679,0.711111111,0.0
GPT4o,0.26,0.262296288,0.262296288,0.230810521,0.034188034,0.0,0.30997151,0.44047619,0.0
OpenAI o3,0.55,0.5503663,0.537545788,0.631313131,0.0,0,0.523926237,0.75,0.0
LLaMa 3.3 70B,0.25,0.246305298,0.183513772,0.09403794,0.0,0,0.088888889,0.444444444,0.0
Mixtral 8x22B,0.15,0.151250938,0.052287582,0.084210526,0.0,0,0.095238095,0.0,0.0