column,TP,FP,FN,precision,recall,f1
CSV Column,30,0,0,1.0,1.0,1.0
Datatype,19,0,5,1.0,0.7916666666666666,0.8837209302325582
Entity Class,32,0,1,1.0,0.9696969696969697,0.9846153846153847
Function Name,3,0,2,1.0,0.6,0.7499999999999999
Function Output,6,0,0,1.0,1.0,1.0
Join Condition,3,0,0,1.0,1.0,1.0
Ontology Property,33,0,0,1.0,1.0,1.0
Related Entity Class,7,0,2,1.0,0.7777777777777778,0.8750000000000001
Subject Generation,11,0,11,1.0,0.5,0.6666666666666666
