column,mean_similarity
CSV Column,0.8899858404289592
Datatype,0.6892380881239268
Entity Class,0.8159867315581351
Function Name,0.4817905833323797
Function Output,0.9615944425264994
Join Condition,0.31464848780270777
Ontology Property,0.9656049392440101
Related Entity Class,0.6683521601888868
Subject Generation,0.41453985988929576
