column,mean_similarity
CSV Column,0.922487345608798
Datatype,0.7210625067779713
Entity Class,0.8075860131870617
Function Name,0.4817905833323797
Function Output,0.9615944425264994
Join Condition,0.31464848780270777
Ontology Property,1.0
Related Entity Class,0.6683521601888868
Subject Generation,0.41453985988929576
