column,mean_similarity
CSV Column,0.7812014718577539
Datatype,0.6937829206387202
Entity Class,0.4116448302763504
Function Name,0.9455987595849568
Function Output,0.9412939548492432
Join Condition,0.31581393151711196
Ontology Property,0.9888635491713499
Related Entity Class,0.6027228643575673
Subject Generation,0.8047612658787123
