column,mean_similarity
CSV Column,0.8496196809996907
Datatype,0.6937829206387202
Entity Class,0.4060119848984938
Function Name,0.9455987595849568
Function Output,0.9412939548492432
Join Condition,0.09822967148616783
Ontology Property,0.9854660003613204
Related Entity Class,0.593365437400991
Subject Generation,0.8032461679898776
