column,mean_similarity
CSV Column,0.6790605188214028
Datatype,0.6049546826078936
Entity Class,0.8872495493245504
Function Name,0.20357166727383932
Function Output,0.21477238934588586
Join Condition,0.6437334792481528
Ontology Property,0.8051379159334529
Rel. Entity Class,0.8087999842785023
Subject Generation,0.4569127863180091
