column,mean_similarity
CSV Column,0.8839946467252005
Datatype,0.6044415998316947
Entity Class,0.9721867953027997
Function Name,0.124319593111674
Function Output,0.27759313113277867
Join Condition,0.918907642364502
Ontology Property,0.9916525099958692
Rel. Entity Class,1.0
Subject Generation,0.5156178319205841
