column,mean_similarity
CSV Column,0.8493764172335602
Datatype,0.5578231292517006
Entity Class,0.9761904761904762
Function Name,0.0
Function Output,0.1088777646406559
Join Condition,0.7656104108309991
Ontology Property,0.9967532467532468
Rel. Entity Class,1.0
Subject Generation,0.3968589569348042
