column,mean_similarity
CSV Column,0.6652042394441462
Datatype,0.6373895868422493
Entity Class,0.8713939495818326
Function Name,0.20357166727383932
Function Output,0.25931360962718836
Join Condition,0.6437334792481528
Ontology Property,0.8176933288829021
Rel. Entity Class,0.8862832803279161
Subject Generation,0.44115461561068264
