column,mean_similarity
Datatype,0.2746416750467486
Entity Class,0.2972965405872441
Function Name,0.11983718184961212
Function Output,0.3673561759707
Join Condition,0.1660082505636469
Ontology Property,0.6500001462732415
Related Entity Class,0.4996437189465172
Subject Generation,0.31151593857128923
XML Path,0.2648421792030106
