column,mean_similarity
CSV Column,0.4654422609140927
Datatype,0.40261801690373117
Entity Class,0.8321259593581023
Function Name,0.0
Function Output,0.06938868972608003
Join Condition,0.6274509803921569
Ontology Property,0.7700009799855002
Rel. Entity Class,0.6832264957264957
Subject Generation,0.13561478071156524
