column,mean_similarity
CSV Column,0.5820364293952783
Datatype,0.43446539608495577
Entity Class,0.865093212042536
Function Name,0.09933846372490128
Function Output,0.17907907200410908
Join Condition,0.6934168847898642
Ontology Property,0.8040791382747038
Rel. Entity Class,0.7053451682440937
Subject Generation,0.1105242461586992
