column,mean_similarity
CSV Column,0.628764536461501
Datatype,0.4772274324573907
Entity Class,0.8341824702786554
Function Name,0.09144549255861956
Function Output,0.2071888384070357
Join Condition,0.6836200809727112
Ontology Property,0.7838451331254502
Rel. Entity Class,0.7760351283657245
Subject Generation,0.1449000691206175
