column,mean_similarity
CSV Column,0.5066701731028461
Datatype,0.45796415814316566
Entity Class,0.7643977614560565
Function Name,0.09144549255861956
Function Output,0.18544766038606217
Join Condition,0.41922461551924545
Ontology Property,0.7105003787977658
Rel. Entity Class,0.604623282448975
Subject Generation,0.1367144249668671
