column,mean_similarity
CSV Column,0.9087674590244266
Datatype,0.6120472325219048
Entity Class,0.7155282119608889
Function Name,0.44044581055641174
Function Output,0.8688947213480572
Join Condition,0.203983384081059
Ontology Property,0.9908406966262393
Related Entity Class,0.6059480508168539
Subject Generation,0.6243058499967243
