column,mean_similarity
CSV Column,0.9291385276751085
Datatype,0.6134330738335848
Entity Class,0.718208797050245
Function Name,0.44044581055641174
Function Output,0.8688947213480572
Join Condition,0.203983384081059
Ontology Property,1.0
Related Entity Class,0.6059480508168539
Subject Generation,0.6231636201595251
