column,mean_similarity
CSV Column,1.0
Datatype,0.9182168980439505
Entity Class,0.9805894255638122
Function Name,0.06291210651397705
Function Output,0.11484973318874836
Join Condition,0.07268474673231443
Ontology Property,1.0
Rel. Entity Class,0.0
Subject Generation,0.43594723339204666
