column,mean_similarity
CSV Column,0.668512575638791
Datatype,0.27973688393831253
Entity Class,0.8633527752425936
Function Name,0.31209142925747263
Function Output,0.503517479946216
Join Condition,0.3185123236229022
Ontology Property,1.0
Related Entity Class,0.29988780527203174
Subject Generation,0.614018471451781
