column,mean_similarity
CSV Column,0.7894736842105262
Datatype,0.7984177321195602
Entity Class,1.0
Ontology Property,0.8173417970538139
Subject Generation,0.5127188364664713
