column,mean_similarity
CSV Column,0.8872125828189473
Datatype,0.7692289855390314
Entity Class,0.6394300738142596
Function Name,0.3063308770457904
Function Output,0.2783435625610528
Join Condition,0.05985666811466217
Ontology Property,0.9062133165662937
Related Entity Class,0.47518865791705506
Subject Generation,0.5302423529792577
