column,mean_similarity
CSV Column,0.8988086833143513
Datatype,0.8111655492158163
Entity Class,0.9546935078170563
Function Name,0.3804984490076701
Function Output,0.3817697758751886
Join Condition,1.0
Ontology Property,0.9519445904881962
Related Entity Class,0.9465811965811967
Subject Generation,0.8408204366763433
