column,mean_similarity
CSV Column,0.6088070643858777
Datatype,0.8286248733599981
Entity Class,0.7718484004338583
Function Name,0.3644328143206563
Function Output,0.7227699315796295
Join Condition,0.8024526337782542
Ontology Property,0.9947390572390574
Related Entity Class,0.7030286187375033
Subject Generation,0.35030678990814423
