column,mean_similarity
CSV Column,0.6386638755599657
Datatype,0.6732899218797684
Entity Class,0.7718484004338583
Function Name,0.3274823993893236
Function Output,0.6175726433104093
Join Condition,0.8024526337782542
Ontology Property,0.9372175596779847
Related Entity Class,0.7030286187375033
Subject Generation,0.35030678990814423
