column,TP,FP,FN,precision,recall,f1
CSV Column,14,0,6,1.0,0.7,0.8235294117647058
Datatype,10,0,4,1.0,0.7142857142857143,0.8333333333333333
Entity Class,26,0,0,1.0,1.0,1.0
Function Name,0,0,6,0.0,0.0,0.0
Function Output,6,0,0,1.0,1.0,1.0
Join Condition,4,0,2,1.0,0.6666666666666666,0.8
Ontology Property,26,0,0,1.0,1.0,1.0
Related Entity Class,8,0,2,1.0,0.8,0.888888888888889
Subject Generation,10,0,1,1.0,0.9090909090909091,0.9523809523809523
