column,mean_similarity
CSV Column,0.9211213710980538
Datatype,0.5371220613519351
Entity Class,0.9908955463996301
Function Name,0.871753074725469
Function Output,0.9998168150583903
Join Condition,0.046342480068023384
Ontology Property,0.9634704574560509
Related Entity Class,0.4984637475951954
Subject Generation,0.7833475293693962
