column,mean_similarity
CSV Column,0.9226273578456325
Datatype,0.6937829206387202
Entity Class,1.0
Function Name,0.871753074725469
Function Output,0.9998168150583903
Join Condition,0.07105177815890673
Ontology Property,0.9888635491713499
Related Entity Class,0.5685139148796677
Subject Generation,0.8009119595654574
