column,mean_similarity
CSV Column,0.8878741029537086
Datatype,0.6586056097100178
Entity Class,0.5945697677857948
Function Name,0.40926323197602077
Function Output,0.7075977787339457
Join Condition,0.5450158218542734
Ontology Property,0.9568711031566967
Related Entity Class,0.6216133477446301
Subject Generation,0.9229457143085456
