column,mean_similarity
CSV Column,0.865155945221583
Datatype,0.6381980912001044
Entity Class,0.5552586547202535
Function Name,0.5337387366571288
Function Output,0.9032516498496568
Join Condition,0.5450158218542734
Ontology Property,0.9366268639763197
Related Entity Class,0.5871529209737977
Subject Generation,0.9229457143085454
