column,TP,FP,FN,precision,recall,f1
CSV Column,0,0,21,0.0,0.0,0.0
Entity Class,19,0,2,1.0,0.9047619047619048,0.9500000000000001
Join Condition,2,0,1,1.0,0.6666666666666666,0.8
Ontology Property,18,0,1,1.0,0.9473684210526315,0.972972972972973
Related Entity Class,3,0,0,1.0,1.0,1.0
Subject Generation,18,0,3,1.0,0.8571428571428571,0.923076923076923
