column,mean_similarity
CSV Column,0.6291139531466696
Datatype,0.8409937262535095
Entity Class,1.0
Function Name,0.3459316236450267
Function Output,0.6627269031272994
Join Condition,0.98114542166392
Ontology Property,0.9949494949494951
Related Entity Class,1.0
Subject Generation,0.7267067228351628
