column,mean_similarity
CSV Column,0.7151557583669651
Datatype,0.3767758157518175
Entity Class,1.0
Function Name,0.33518829469151695
Function Output,0.48397681292284417
Join Condition,0.12766419199329834
Ontology Property,0.8512678886904862
Output Example,0.017153063416481016
Rel. Entity Class,0.12625818699598312
Related Entity Class,0.15796711606283984
Subject Generation,0.7467285284289608
