column,mean_similarity
CSV Column,0.6771619323365115
Datatype,0.562040726840496
Entity Class,1.0
Function Name,0.3950215618834536
Function Output,0.7997391535314146
Join Condition,0.13438633056702437
Ontology Property,0.9966329966329966
Related Entity Class,0.6515481472015381
Subject Generation,0.7322279021695808
