column,mean_similarity
CSV Column,0.9682539682539684
Datatype,0.49075687360582937
Entity Class,0.7137483227433581
Function Name,0.06302640876836246
Function Output,0.5746089680333853
Join Condition,0.28370975102815366
Ontology Property,0.9678847218553225
Rel. Entity Class,0.5788641658922037
Subject Generation,0.6243058499967243
