column,mean_similarity
CSV Column,0.9743589743589743
Datatype,0.5011363636363636
Entity Class,0.5046348999837372
Function Name,0.0
Function Output,0.2413276373750682
Join Condition,0.11652236652236653
Ontology Property,0.9714795008912657
Rel. Entity Class,0.6018518518518517
Subject Generation,0.27450353714991316
