column,mean_similarity
CSV Column,0.9829964457136212
Datatype,0.5306244382013877
Entity Class,0.718208797050245
Function Name,0.06742926004032294
Function Output,0.5642754437796997
Join Condition,0.3300379479510917
Ontology Property,0.9750031277988896
Rel. Entity Class,0.6005386759837469
Subject Generation,0.5864817204348969
