column,mean_similarity
CSV Column,0.9688268171416388
Datatype,0.5116155238426997
Entity Class,0.7137483227433581
Function Name,0.06302640876836246
Function Output,0.4936843425907493
Join Condition,0.28370975102815366
Ontology Property,0.9685404391752349
Rel. Entity Class,0.5819651865296893
Subject Generation,0.6243058499967243
