column,mean_similarity
CSV Column,0.6707322058750699
Datatype,0.4351285421534588
Entity Class,0.6763715197546345
Function Name,0.09861295625922224
Function Output,0.3875108472501485
Join Condition,0.2581345457815382
Ontology Property,0.7268503551833971
Rel. Entity Class,0.496900085507434
Subject Generation,0.5637010272860441
