column,mean_similarity
CSV Column,0.6852233023047489
Datatype,0.42463047123796543
Entity Class,0.7067765228514228
Function Name,0.09861295625922224
Function Output,0.27260030998853163
Join Condition,0.5477036784092585
Ontology Property,0.727018244650326
Rel. Entity Class,0.7285134799778462
Subject Generation,0.5789442413512074
