column,mean_similarity
CSV Column,0.9858372956514359
Datatype,0.49917560457079496
Entity Class,1.0
Function Name,0.10087236358473699
Function Output,0.37669376343477606
Join Condition,0.902521378464169
Ontology Property,1.0
Rel. Entity Class,1.0
Subject Generation,0.8543675161070294
