column,TP,FP,FN,precision,recall,f1
,0,0,0,0.0,0.0,0.0
Datatype,0,0,9,0.0,0.0,0.0
Entity Class,1,0,50,1.0,0.0196078431372549,0.038461538461538464
Function Name,0,0,0,0.0,0.0,0.0
Function Output,0,0,0,0.0,0.0,0.0
Join Condition,0,0,5,0.0,0.0,0.0
Ontology Property,6,0,45,1.0,0.11764705882352941,0.21052631578947367
Related Entity Class,1,0,36,1.0,0.02702702702702703,0.052631578947368425
Subject Generation,0,0,35,0.0,0.0,0.0
XML Path,2,0,11,1.0,0.15384615384615385,0.2666666666666667
