column,mean_similarity
,0.038378958900769554
Datatype,0.17372689981629583
Entity Class,0.2759373732160109
Function Name,0.09505870021878225
Function Output,0.16845980261762938
Join Condition,0.13033587165354263
Ontology Property,0.3035498388351787
Related Entity Class,0.20738531055371245
Subject Generation,0.2639440172385434
XML Path,0.15496237248984432
