column,mean_similarity
CSV Column,0.6962192326349544
Datatype,0.41976258863286514
Entity Class,0.7833864326231446
Function Name,0.1217131004151371
Function Output,0.210033389362008
Join Condition,0.1390501406597455
Ontology Property,0.7981415121089718
Rel. Entity Class,0.5580259232471386
Subject Generation,0.28237029491501303
