column,mean_similarity
CSV Column,0.7548182150004087
Datatype,0.4759285333911302
Entity Class,0.877945344096848
Function Name,0.12392655221952333
Function Output,0.21446677140010642
Join Condition,0.09847748299084957
Ontology Property,0.7827233857741313
Rel. Entity Class,0.7174524944463764
Subject Generation,0.3011539103192273
