column,mean_similarity
CSV Column,0.715964590964591
Datatype,0.44982964566297906
Entity Class,0.8727106227106227
Function Name,0.0
Function Output,0.060112227664000734
Join Condition,0.010367063492063495
Ontology Property,0.7841881588817863
Rel. Entity Class,0.627104377104377
Subject Generation,0.1624396585455022
