column,mean_similarity
CSV Column,0.7424187212814174
Datatype,0.4530816461591083
Entity Class,0.8357621807801096
Function Name,0.1217131004151371
Function Output,0.23471163427130445
Join Condition,0.10035360276344278
Ontology Property,0.7857000796427244
Rel. Entity Class,0.7312519036647346
Subject Generation,0.2910265405951
