column,mean_similarity
CSV Column,0.9466456571354667
Datatype,0.7699602037066161
Entity Class,0.8759425845787381
Function Name,0.2171252171198527
Function Output,0.5863181582341591
Join Condition,0.47898083304365474
Ontology Property,0.9688181390967032
Rel. Entity Class,0.5272838643027676
Subject Generation,0.6301977673815156
