column,mean_similarity
CSV Column,0.9682539682539684
Datatype,0.7404401659814998
Entity Class,0.865134234116836
Function Name,0.2171252171198527
Function Output,0.5863181582341591
Join Condition,0.6964327432215214
Ontology Property,0.9803904079728657
Rel. Entity Class,0.6283653929001756
Subject Generation,0.6301977673815156
