column,mean_similarity
CSV Column,1.0
Datatype,0.6553030303030303
Entity Class,0.7550821271751503
Function Name,0.0
Function Output,0.1673690129223726
Join Condition,0.349798893916541
Ontology Property,1.0
Rel. Entity Class,0.6666666666666666
Subject Generation,0.5746943115364168
