column,mean_similarity
CSV Column,1.0
Datatype,0.7195628237995235
Entity Class,0.8844717253338207
Function Name,0.2171252171198527
Function Output,0.5808113765987483
Join Condition,0.8372204303741455
Ontology Property,1.0
Rel. Entity Class,0.7047057714727191
Subject Generation,0.6270809363235127
