method,Ontology Property,Entity Class,Related Entity Class,Subject Generation,Join Condition,Datatype,Language Annotations
deepseek,0.985412751,0.990853659,0.964285714,0.600243970,0.470000000,0.982456140,0.910909091
gemini,1.000000000,1.000000000,1.000000000,0.744878216,0.520000000,1.000000000,0.600000000
gpt4o,0.992454955,0.993750000,1.000000000,0.854139318,0.265000000,1.000000000,1.000000000
llama,0.962080201,0.996951220,1.000000000,0.889284098,0.050000000,0.952380952,0.566666667
mixtral,0.960130015,1.000000000,0.950000000,0.355226475,0.125000000,0.904761905,0.150000000
o3,0.754337466,0.954825784,0.883333333,0.770563722,0.691666667,0.792232455,0.636923077
