method,precision_XML Path,precision_Datatype,precision_Entity Class,precision_Related Entity Class,precision_Subject Generation,precision_Join Condition,precision_Ontology Property,precision_Language Annotations,precision_Function Name,precision_Function Output,recall_XML Path,recall_Datatype,recall_Entity Class,recall_Related Entity Class,recall_Subject Generation,recall_Join Condition,recall_Ontology Property,recall_Language Annotations,recall_Function Name,recall_Function Output,f1_XML Path,f1_Datatype,f1_Entity Class,f1_Related Entity Class,f1_Subject Generation,f1_Join Condition,f1_Ontology Property,f1_Language Annotations,f1_Function Name,f1_Function Output
deepseek,,1.000000000,1.000000000,1.000000000,0.800000000,0.500000000,1.000000000,1.000000000,,,,0.966666667,0.982954545,0.937500000,0.508816102,0.462500000,0.972312834,0.850000000,,,,0.982456140,0.990853659,0.964285714,0.600243970,0.470000000,0.985412751,0.910909091,,
gemini,,1.000000000,1.000000000,1.000000000,1.000000000,0.600000000,1.000000000,0.600000000,,,,1.000000000,1.000000000,1.000000000,0.661421784,0.483333333,1.000000000,0.600000000,,,,1.000000000,1.000000000,1.000000000,0.744878216,0.520000000,1.000000000,0.600000000,,
gpt4o,,1.000000000,1.000000000,1.000000000,1.000000000,0.400000000,1.000000000,1.000000000,,,,1.000000000,0.988095238,1.000000000,0.788007519,0.216666667,0.985526316,1.000000000,,,,1.000000000,0.993750000,1.000000000,0.854139318,0.265000000,0.992454955,1.000000000,,
llama,,1.000000000,1.000000000,1.000000000,0.950000000,0.100000000,1.000000000,0.600000000,,,,0.916666667,0.994047619,1.000000000,0.849206349,0.033333333,0.932440476,0.550000000,,,,0.952380952,0.996951220,1.000000000,0.889284098,0.050000000,0.962080201,0.566666667,,
mixtral,,1.000000000,1.000000000,1.000000000,0.525000000,0.150000000,1.000000000,0.200000000,,,,0.851851852,1.000000000,0.916666667,0.302944444,0.116666667,0.930614035,0.133333333,,,,0.904761905,1.000000000,0.950000000,0.355226475,0.125000000,0.960130015,0.150000000,,
o3,,1.000000000,1.000000000,1.000000000,0.850000000,0.800000000,1.000000000,0.700000000,,,,0.656115780,0.922172619,0.816666667,0.726834416,0.641666667,0.640400433,0.590476190,,,,0.792232455,0.954825784,0.883333333,0.770563722,0.691666667,0.754337466,0.636923077,,
