column,mean_similarity
CSV Column,0.9717834406428868
Datatype,0.7861827883455489
Entity Class,1.0
Function Name,0.230601591989398
Function Output,0.2576934263524082
Join Condition,0.7677843570709229
Ontology Property,1.0
Rel. Entity Class,1.0
Subject Generation,0.12618554780880611
