method,precision_XML Path,precision_Datatype,precision_Entity Class,precision_Related Entity Class,precision_Subject Generation,precision_Join Condition,precision_Ontology Property,precision_Language Annotations,precision_Function Name,precision_Function Output,recall_XML Path,recall_Datatype,recall_Entity Class,recall_Related Entity Class,recall_Subject Generation,recall_Join Condition,recall_Ontology Property,recall_Language Annotations,recall_Function Name,recall_Function Output,f1_XML Path,f1_Datatype,f1_Entity Class,f1_Related Entity Class,f1_Subject Generation,f1_Join Condition,f1_Ontology Property,f1_Language Annotations,f1_Function Name,f1_Function Output
deepseek,,1.000000000,0.833333333,0.000000000,1.000000000,0.500000000,1.000000000,,0.000000000,0.666666667,,0.669628118,0.574459013,0.000000000,0.369655621,0.333333333,0.918969754,,0.000000000,0.274714052,,0.792008782,0.621723647,0.000000000,0.501134959,0.400000000,0.954272876,,0.000000000,0.341819320
gemini,,1.000000000,1.000000000,0.000000000,0.833333333,0.666666667,1.000000000,,0.000000000,0.833333333,,0.765072664,0.816365260,0.000000000,0.225153265,0.574074074,0.841566627,,0.000000000,0.429012346,,0.855032866,0.891222942,0.000000000,0.340557324,0.612500000,0.908840468,,0.000000000,0.524503657
gpt4o,,1.000000000,1.000000000,0.000000000,1.000000000,0.833333333,1.000000000,,0.000000000,0.333333333,,0.737490287,0.862955114,0.000000000,0.512568820,0.527777778,0.929410064,,0.000000000,0.180555556,,0.806040765,0.916936633,0.000000000,0.624900439,0.627777778,0.960226244,,0.000000000,0.207039337
llama,,0.833333333,1.000000000,0.000000000,0.333333333,0.000000000,1.000000000,,0.000000000,0.333333333,,0.630151099,0.660703512,0.000000000,0.132051282,0.000000000,0.827731092,,0.000000000,0.189393939,,0.692719680,0.724208277,0.000000000,0.178763441,0.000000000,0.885938260,,0.000000000,0.240740741
mixtral,,1.000000000,1.000000000,0.000000000,0.166666667,0.333333333,1.000000000,,0.000000000,0.166666667,,0.587902736,0.707629024,0.000000000,0.044444444,0.138888889,0.872088572,,0.000000000,0.055555556,,0.690343915,0.780404919,0.000000000,0.070175439,0.194444444,0.924081078,,0.000000000,0.083333333
o3,,1.000000000,1.000000000,0.000000000,0.166666667,0.833333333,1.000000000,,0.000000000,0.333333333,,0.400875878,0.728589870,0.000000000,0.029279279,0.642857143,0.842571006,,0.000000000,0.079365079,,0.558613248,0.820959301,0.000000000,0.049808429,0.703846154,0.908551836,,0.000000000,0.125000000
