column,mean_similarity
CSV Column,0.26558960427840556
Datatype,0.652000752765508
Entity Class,0.3053214301665624
Function Name,0.03930629479388396
Function Output,0.1302483039908111
Join Condition,0.22981263606971689
Ontology Property,0.3182216842348377
Rel. Entity Class,0.1446278135602673
Subject Generation,0.27110740145047507
