column,mean_similarity
CSV Column,0.36482541813533026
Datatype,0.1515118310916532
Entity Class,0.5135174405427182
Function Name,0.20827571762564742
Function Output,0.2340245705874016
Join Condition,0.14965071601715885
Ontology Property,0.42855869113848355
Rel. Entity Class,0.34341647232730166
Subject Generation,0.26879030743053395
