column,mean_similarity
CSV Column,0.15217015450420737
Datatype,0.6507936507936508
Entity Class,0.24064370084106926
Function Name,0.011111111111111108
Function Output,0.004352030947775624
Join Condition,0.043107448155086936
Ontology Property,0.27784225891971165
Rel. Entity Class,0.10462454212454213
Subject Generation,0.12879576580299154
