column,TP,FP,FN,precision,recall,f1
CSV Column,9,0,15,1.0,0.375,0.5454545454545454
Datatype,11,0,6,1.0,0.6470588235294118,0.7857142857142858
Entity Class,16,0,8,1.0,0.6666666666666666,0.8
Join Condition,2,0,2,1.0,0.5,0.6666666666666666
Language Annotations,0,0,3,0.0,0.0,0.0
Ontology Property,11,0,13,1.0,0.4583333333333333,0.6285714285714286
Related Entity Class,1,0,1,1.0,0.5,0.6666666666666666
Subject Generation,21,0,3,1.0,0.875,0.9333333333333333
