column,TP,FP,FN,precision,recall,f1
CSV Column,8,0,16,1.0,0.3333333333333333,0.5
Datatype,11,0,6,1.0,0.6470588235294118,0.7857142857142858
Entity Class,16,0,8,1.0,0.6666666666666666,0.8
Join Condition,2,0,2,1.0,0.5,0.6666666666666666
Language Annotations,0,0,3,0.0,0.0,0.0
Ontology Property,11,0,13,1.0,0.4583333333333333,0.6285714285714286
Related Entity Class,1,0,1,1.0,0.5,0.6666666666666666
Subject Generation,14,0,10,1.0,0.5833333333333334,0.7368421052631579
