column,mean_similarity
CSV Column,0.6573845750881709
Datatype,0.6550207275098988
Entity Class,0.8482411752144495
Join Condition,0.2949883926970263
Language Annotations,0.6685183048248291
Ontology Property,0.6932185074935356
Related Entity Class,0.31700438923305935
Subject Generation,0.9016694352030754
