column,TP,FP,FN,precision,recall,f1
CSV Column,4,0,5,1.0,0.4444444444444444,0.6153846153846153
Entity Class,9,0,0,1.0,1.0,1.0
Ontology Property,6,0,3,1.0,0.6666666666666666,0.8
Subject Generation,9,0,0,1.0,1.0,1.0
